uuid,width,height,render_time_seconds,file_path
1733572418-35c0792a-1f8e-4544-82b1-d77154b92f17,5,5,0.04897117614746094,data\1733572418-35c0792a-1f8e-4544-82b1-d77154b92f17.png
1733572481-b6974f6b-e27f-4922-83e5-c795b38aa8e7,5,5,0.05908536911010742,data\1733572481-b6974f6b-e27f-4922-83e5-c795b38aa8e7.png
1733572481-f49d5e18-27ac-4992-a209-41563ffff38e,10,10,0.28916001319885254,data\1733572481-f49d5e18-27ac-4992-a209-41563ffff38e.png
1733572482-799552a7-6a6a-440c-9b06-92aa170c0e9a,15,15,0.575514554977417,data\1733572482-799552a7-6a6a-440c-9b06-92aa170c0e9a.png
1733572483-072a876e-95a3-4191-9ac0-2a8661656664,20,20,1.0387005805969238,data\1733572483-072a876e-95a3-4191-9ac0-2a8661656664.png
1733572485-ccf67a85-7f9a-4059-b768-3297d4c3dbca,25,25,1.6289169788360596,data\1733572485-ccf67a85-7f9a-4059-b768-3297d4c3dbca.png
1733572487-5948c137-37c6-42f2-a9df-0c6e60459a42,30,30,2.4346940517425537,data\1733572487-5948c137-37c6-42f2-a9df-0c6e60459a42.png
1733572490-afb1cd90-fe3c-47e8-b4e8-4693e04c0f93,35,35,3.2341670989990234,data\1733572490-afb1cd90-fe3c-47e8-b4e8-4693e04c0f93.png
1733572495-bb38c655-b8f2-4f8f-8f06-b405561a3000,40,40,4.3542869091033936,data\1733572495-bb38c655-b8f2-4f8f-8f06-b405561a3000.png
1733572500-986d44d6-5e76-4db7-ba2e-8810e4085fb4,45,45,5.48391580581665,data\1733572500-986d44d6-5e76-4db7-ba2e-8810e4085fb4.png
1733572507-e982ae17-3965-4ca8-b1f2-52674fc1fb12,50,50,6.795014381408691,data\1733572507-e982ae17-3965-4ca8-b1f2-52674fc1fb12.png
1734172701-437b9c48-cde7-4afc-ace3-61401bbc5c5d,50,50,0.1323399543762207,data\1734172701-437b9c48-cde7-4afc-ace3-61401bbc5c5d.png
1734172733-3e598853-5e89-411a-a4ff-37dcee083c1a,200,200,1.334961175918579,data\1734172733-3e598853-5e89-411a-a4ff-37dcee083c1a.png
1734172757-37c01a0f-a043-43f6-ad2a-4c369acbf321,200,200,1.1551628112792969,data\1734172757-37c01a0f-a043-43f6-ad2a-4c369acbf321.png
1734172792-28875346-dfc6-4627-9547-f14f0ec72cb1,200,200,0.9931747913360596,data\1734172792-28875346-dfc6-4627-9547-f14f0ec72cb1.png
1734172991-779329d5-b1ae-45e3-a340-4cae5d3f0808,200,200,1.121415615081787,data\1734172991-779329d5-b1ae-45e3-a340-4cae5d3f0808.png
1734211722-fd4612b9-2704-44c9-8092-ee9bcf279921,200,200,1.446251392364502,data\1734211722-fd4612b9-2704-44c9-8092-ee9bcf279921.png
1734211771-2c9511ef-d8fd-4843-83c1-fd48a2ddc550,200,200,1.4723281860351562,data\1734211771-2c9511ef-d8fd-4843-83c1-fd48a2ddc550.png
1734211813-a38aedcb-7990-4277-865b-c879e5fb0b3c,200,200,1.3210244178771973,data\1734211813-a38aedcb-7990-4277-865b-c879e5fb0b3c.png
1734211869-525ef899-d296-47d4-a7b2-abd2c3175d36,200,200,1.3666129112243652,data\1734211869-525ef899-d296-47d4-a7b2-abd2c3175d36.png
1734211906-567a2f5f-b757-4575-a38f-10e70fad1b8d,200,200,1.3478999137878418,data\1734211906-567a2f5f-b757-4575-a38f-10e70fad1b8d.png
1734212435-253abf5b-8d14-4816-a943-b108c24a6906,200,200,1.5154078006744385,data\1734212435-253abf5b-8d14-4816-a943-b108c24a6906.png
1734212460-768503b1-8f6c-4140-9696-e6036199f591,200,200,1.427030324935913,data\1734212460-768503b1-8f6c-4140-9696-e6036199f591.png
1734212492-bc06e43f-e224-4fd2-a520-2f5bc53af79a,200,200,2.064471960067749,data\1734212492-bc06e43f-e224-4fd2-a520-2f5bc53af79a.png
1734212523-89b329fd-3a1c-4cf8-9495-c53a5913a35b,200,200,1.7497258186340332,data\1734212523-89b329fd-3a1c-4cf8-9495-c53a5913a35b.png
1734213122-3ca991b7-4f90-4ee1-8908-9aa1633515dd,200,200,7.190239906311035,data\1734213122-3ca991b7-4f90-4ee1-8908-9aa1633515dd.png
1734213178-8284e41a-1cd9-4215-a3d8-032abd2bf460,200,200,6.660008668899536,data\1734213178-8284e41a-1cd9-4215-a3d8-032abd2bf460.png
1734213218-6fb17716-7430-42f1-acc0-fe2744d9b20c,200,200,5.5642921924591064,data\1734213218-6fb17716-7430-42f1-acc0-fe2744d9b20c.png
1734213410-5a084be7-dc27-48ce-9af3-b9471b3d92ce,200,200,5.815834999084473,data\1734213410-5a084be7-dc27-48ce-9af3-b9471b3d92ce.png
1734213447-cb843764-96b7-4230-bfd9-9b0fdfd11db0,200,200,8.586657285690308,data\1734213447-cb843764-96b7-4230-bfd9-9b0fdfd11db0.png
1734213488-e16b3d0b-2639-45bf-be4c-0005e9bfce7a,200,200,6.8959572315216064,data\1734213488-e16b3d0b-2639-45bf-be4c-0005e9bfce7a.png
1734213530-f09459a8-222d-453c-a21b-39b815f7fe74,200,200,14.177172899246216,data\1734213530-f09459a8-222d-453c-a21b-39b815f7fe74.png
1734213612-2c64992c-4df5-4168-bee3-47b02601008b,200,200,18.348058223724365,data\1734213612-2c64992c-4df5-4168-bee3-47b02601008b.png
1734214002-c8bb7c57-2cee-4d29-90e0-f777f65cfb68,200,200,3.17997670173645,data\1734214002-c8bb7c57-2cee-4d29-90e0-f777f65cfb68.png
1734214021-d2302b6a-ee8b-416b-9516-ec9130eac97c,200,200,2.9308013916015625,data\1734214021-d2302b6a-ee8b-416b-9516-ec9130eac97c.png
1734214068-4cd29835-6ff0-410b-bbdc-d68a68351d3f,200,200,10.859975337982178,data\1734214068-4cd29835-6ff0-410b-bbdc-d68a68351d3f.png
1734214105-b3b7c5de-8976-48b5-93c3-f60cb5afc269,200,200,23.155717134475708,data\1734214105-b3b7c5de-8976-48b5-93c3-f60cb5afc269.png
1734214152-db897666-b623-4787-bc8d-5ebcda159209,200,200,16.70197081565857,data\1734214152-db897666-b623-4787-bc8d-5ebcda159209.png
1734214428-40eabe27-68b8-497a-b9d4-4dc76e922231,200,200,20.408714056015015,data\1734214428-40eabe27-68b8-497a-b9d4-4dc76e922231.png
1734214473-5b503d74-6064-43ec-a4c0-0f8004bf6920,200,200,3.538428544998169,data\1734214473-5b503d74-6064-43ec-a4c0-0f8004bf6920.png
1734215924-96bb9dd5-be43-4338-8a51-4ad16d8077bb,200,200,3.5765466690063477,data\1734215924-96bb9dd5-be43-4338-8a51-4ad16d8077bb.png
1734215983-264d543d-fb99-4459-8568-af81564ab88e,200,200,2.8258960247039795,data\1734215983-264d543d-fb99-4459-8568-af81564ab88e.png
1734216013-8834fe5b-bc10-4501-a390-dee373cacc08,200,200,3.391481399536133,data\1734216013-8834fe5b-bc10-4501-a390-dee373cacc08.png
1734216032-02b405ef-dc40-4ed9-bcd7-a7a596b89f33,200,200,2.311640977859497,data\1734216032-02b405ef-dc40-4ed9-bcd7-a7a596b89f33.png
1734216050-b18f3369-8df8-4c7a-ae63-8a59ac7f58c2,200,200,1.6566414833068848,data\1734216050-b18f3369-8df8-4c7a-ae63-8a59ac7f58c2.png
1734216223-2e654c0c-b2bb-4d48-8536-52c5ac588496,200,200,2.1867713928222656,data\1734216223-2e654c0c-b2bb-4d48-8536-52c5ac588496.png
1734216416-59d374bb-11b6-4c2b-990d-7d391fd76503,200,200,150.86099576950073,data\1734216416-59d374bb-11b6-4c2b-990d-7d391fd76503.png
1734217116-402899b2-257e-4275-a55a-a9df15001b65,200,200,sourceimages/hdri_1.jpg,2.6863772869110107,data\1734217116-402899b2-257e-4275-a55a-a9df15001b65.png
1734217168-53395dce-e29c-4dc9-91db-f7587ba31ccf,200,200,sourceimages/hdri_1.jpg,2.343782424926758,data\1734217168-53395dce-e29c-4dc9-91db-f7587ba31ccf.png
1734217197-74d5da42-d36a-4d93-8960-ae970909f417,500,500,sourceimages/hdri_1.jpg,13.801292896270752,data\1734217197-74d5da42-d36a-4d93-8960-ae970909f417.png
1734217388-e36f4f39-e35e-4674-9761-e842f4f2ea39,500,500,sourceimages/hdri_1.jpg,True,16.949318408966064,data\1734217388-e36f4f39-e35e-4674-9761-e842f4f2ea39.png
1734217458-7e98a7f5-3bab-4c54-8119-f038c212a9e0,500,500,sourceimages/hdri_2.jpg,False,13.451169729232788,data\1734217458-7e98a7f5-3bab-4c54-8119-f038c212a9e0.png
1734219553-9df77e21-befe-47bc-9898-0cd9531151c5,500,500,sourceimages/hdri_2.jpg,False,15.207303285598755,data\1734219553-9df77e21-befe-47bc-9898-0cd9531151c5.png
1734219586-b4a0221f-8f2b-4ac9-b978-ca6c3899ee2b,500,500,sourceimages/hdri_2.jpg,False,14.815126657485962,data\1734219586-b4a0221f-8f2b-4ac9-b978-ca6c3899ee2b.png
1734219595-55d7999e-22a9-4fb6-acef-8fd5fa8b2473,500,500,sourceimages/hdri_2.jpg,False,16.01194167137146,data\1734219595-55d7999e-22a9-4fb6-acef-8fd5fa8b2473.png
1734219597-5c721f03-c894-44d4-bed5-2aa1b29cb4d1,500,500,sourceimages/hdri_2.jpg,False,15.817837238311768,data\1734219597-5c721f03-c894-44d4-bed5-2aa1b29cb4d1.png
1734219643-4bf05bf1-015b-4be3-a414-a6d84eff8dfb,500,500,sourceimages/hdri_2.jpg,False,13.842487096786499,data\1734219643-4bf05bf1-015b-4be3-a414-a6d84eff8dfb.png
1734219784-d581821e-6468-4a10-91ad-2ab486d1b0d4,500,500,sourceimages/hdri_1.jpg,False,14.650600910186768,data\output.png
1734219808-65296c51-7fe0-4f7b-aba9-c4b405d1031c,500,200,sourceimages/hdri_1.jpg,False,6.960420370101929,data\output.png
1734219831-224ca8bd-e622-4ca7-816b-d71ef34924be,500,200,sourceimages/hdri_1.jpg,False,7.122798919677734,data\output.png
1734219841-d613a9c3-acb4-438d-8680-cfe4caf4005f,200,200,sourceimages/hdri_1.jpg,False,2.2938973903656006,data\output.png
1734219938-5f0c5095-0279-4d3b-8956-c20049f35253,200,200,sourceimages/hdri_1.jpg,False,2.314225196838379,data\output.png
1734220066-4bd38d47-7265-4c6c-9d9f-d24797c2db42,200,200,sourceimages/hdri_1.jpg,False,2.354767084121704,data\output.png
1734220088-b259d71b-6ea2-491d-b5f6-c3b39f5c7257,200,200,sourceimages/hdri_1.jpg,False,2.3335278034210205,data\output.png
1734220158-f07090f5-67a4-4675-8e28-c064ea1511ab,200,200,sourceimages/hdri_1.jpg,False,2.387495994567871,data\output.png
1734220212-86075756-0c85-40ce-a2cd-ed635c92549c,200,200,sourceimages/hdri_1.jpg,False,2.362048625946045,data\output.png
1734220217-a0d98c5a-e0d3-4bbf-a87c-ad16c4b0a531,200,200,sourceimages/hdri_1.jpg,False,2.2949044704437256,data\output.png
1734220261-c4f1c549-f0a6-40b7-ac22-4863b4bc11a9,200,200,sourceimages/hdri_1.jpg,False,2.377652645111084,data\output.png
1734220303-a9a2d5ab-d0b3-4cad-a981-7b890d951a70,200,200,sourceimages/hdri_1.jpg,False,2.4156906604766846,data\output.png
1734220336-768cfb8d-c509-4b3e-bc11-8c360fcd6bc4,500,1000,sourceimages/hdri_1.jpg,False,20.653366327285767,data\output.png
1734220406-0bf8423c-25f9-468b-8d0d-ec82b7ed4794,1000,1000,sourceimages/hdri_1.jpg,False,53.6239492893219,data\output.png
1734220644-304e7110-7953-454c-8096-da582ac845dc,1000,1000,sourceimages/hdri_1.jpg,False,55.81822109222412,data\output.png
